2020排名,2019排名,国家地区,院校,总体得分
"
2020排名","
2019排名","
国家地区","
院校","
总体得分"
"
1","
1","
美国","
麻省理工学院","
100"
"
2","
2","
美国","
斯坦福大学","
98.4"
"
3","
3","
美国","
哈佛大学","
97.4"
"
4","
5","
英国","
牛津大学","
97.2"
"
5","
4","
美国","
加州理工学院","
96.9"
"
6","
7","
瑞士","
苏黎世联邦理工大学","
95.9"
"
7","
6","
英国","
剑桥大学","
95"
"
8","
10","
英国","
伦敦大学学院","
94.8"
"
9","
8","
英国","
帝国理工学院","
94.1"
"
10","
9","
美国","
芝加哥大学","
92"
"
11","
12","
新加坡","
南洋理工大学","
91.8"
"
11","
11","
新加坡","
新加坡国立大学","
91.8"
"
13","
13","
美国","
普林斯顿大学","
90.9"
"
14","
14","
美国","
康奈尔大学","
89.3"
"
15","
19","
美国","
宾夕法尼亚大学","
88.9"
"
16","
17","
中国","
清华大学","
88.6"
"
17","
15","
美国","
耶鲁大学","
87.7"
"
18","
22","
瑞士","
洛桑联邦理工大学","
87.4"
"
18","
16","
美国","
哥伦比亚大学","
87.4"
"
20","
18","
英国","
爱丁堡大学","
86.2"
"
21","
20","
美国","
密歇根大学","
86"
"
22","
30","
中国","
北京大学","
84.3"
"
22","
23","
日本","
东京大学","
84.3"
"
24","
21","
美国","
约翰霍普金斯大学","
83.9"
"
25","
25","
中国","
香港大学","
83.8"
"
25","
26","
美国","
杜克大学","
83.8"
"
27","
29","
英国","
曼彻斯特大学","
82.7"
"
28","
27","
美国","
加州大学伯克利分校","
82.6"
"
29","
28","
加拿大","
多伦多大学","
82.1"
"
29","
24","
澳大利亚","
澳大利亚国立大学","
82.1"
"
31","
34","
美国","
西北大学（美国）","
81.5"
"
32","
37","
中国","
香港科技大学","
80.6"
"
33","
31","
英国","
伦敦国王学院","
80.5"
"
33","
35","
日本","
京都大学","
80.5"
"
35","
32","
美国","
加州大学洛杉矶分校","
80.4"
"
35","
33","
加拿大","
麦吉尔大学","
80.4"
"
37","
36","
韩国","
首尔大学","
79.6"
"
38","
39","
澳大利亚","
墨尔本大学","
79.5"
"
39","
43","
美国","
纽约大学","
78.8"
"
40","
44","
中国","
复旦大学","
78.6"
"
41","
40","
韩国","
韩国科学技术院","
77.9"
"
42","
42","
澳大利亚","
悉尼大学","
77.8"
"
43","
45","
澳大利亚","
新南威尔士大学","
77.1"
"
44","
38","
英国","
伦敦政经学院","
77"
"
45","
41","
美国","
加州大学圣地亚哥分校","
76.6"
"
46","
49","
中国","
香港中文大学","
75.9"
"
47","
48","
澳大利亚","
昆士兰大学","
75.7"
"
48","
46","
美国","
卡内基梅隆大学","
74.8"
"
49","
51","
英国","
布里斯托大学","
74.5"
"
50","
52","
荷兰","
代尔夫特理工大学","
74.2"
"
51","
47","
加拿大","
英属哥伦比亚大学","
74.1"
"
52","
55","
中国","
香港城市大学","
73.6"
"
53","
50","
法国","
巴黎文理研究大学","
73.4"
"
54","
68","
中国","
浙江大学","
72.4"
"
55","
61","
德国","
慕尼黑工业大学","
72.3"
"
56","
53","
美国","
威斯康星大学麦迪逊分校","
71.8"
"
57","
56","
美国","
布朗大学","
71.5"
"
58","
58","
日本","
东京工业大学","
70.9"
"
58","
59","
澳大利亚","
莫纳什大学（澳大利亚）","
70.9"
"
60","
59","
中国","
上海交通大学","
70.5"
"
60","
65","
法国","
综合理工学校","
70.5"
"
62","
54","
英国","
华威大学","
70.4"
"
63","
62","
德国","
慕尼黑大学","
69.6"
"
64","
57","
荷兰","
阿姆斯特丹大学","
69"
"
65","
63","
美国","
德克萨斯大学奥斯汀分校","
68.6"
"
66","
64","
德国","
海德堡大学","
68.4"
"
67","
69","
英国","
格拉斯哥大学","
68.2"
"
68","
66","
美国","
华盛顿大学","
67.9"
"
69","
72","
中国","
国立台湾大学","
67.3"
"
70","
87","
马来西亚","
马来亚大学","
67.1"
"
71","
67","
日本","
大阪大学","
66.5"
"
72","
69","
美国","
乔治亚理工学院","
66.2"
"
72","
79","
丹麦","
哥本哈根大学","
66.2"
"
74","
73","
阿根廷","
布宜诺斯艾利斯大学","
66"
"
75","
71","
美国","
伊利诺伊大学香槟分校","
65.9"
"
76","
78","
瑞士","
苏黎世大学","
65.8"
"
77","
75","
法国","
索邦大学","
64.9"
"
78","
74","
英国","
杜伦大学","
64.2"
"
78","
75","
英国","
谢菲尔德大学","
64.2"
"
80","
81","
比利时","
荷语鲁汶天主教大学","
64.1"
"
81","
79","
英国","
伯明翰大学","
64"
"
82","
77","
日本","
东北大学（日本）","
63.7"
"
83","
86","
韩国","
高丽大学","
63.4"
"
84","
90","
俄罗斯","
莫斯科国立大学","
63.2"
"
85","
87","
美国","
莱斯大学","
63.1"
"
86","
91","
澳大利亚","
西澳大学","
62.9"
"
87","
83","
韩国","
浦项工科大学","
62.6"
"
88","
85","
新西兰","
奥克兰大学（新西兰）","
62.4"
"
89","
98","
中国","
中国科学技术大学","
62.3"
"
90","
83","
美国","
北卡罗莱纳大学查佩尔山分校","
62.2"
"
91","
106","
中国","
香港理工大学","
61.9"
"
92","
92","
瑞典","
隆德大学","
61.8"
"
93","
93","
英国","
利兹大学","
61.7"
"
93","
95","
美国","
宾夕法尼亚州立大学","
61.7"
"
95","
100","
韩国","
成均馆大学","
61"
"
96","
82","
英国","
诺丁汉大学","
60.8"
"
97","
96","
英国","
南安普顿大学","
60.6"
"
98","
104","
瑞典","
波士顿大学","
60.5"
"
98","
93","
美国","
波士顿大学","
60.5"
"
100","
97","
英国","
圣安德鲁斯大学","
59.9"
"
101","
89","
美国","
俄亥俄州立大学","
59.5"
"
102","
99","
荷兰","
埃因霍芬理工大学","
58.9"
"
103","
113","
墨西哥","
墨西哥国立自治大学","
58.8"
"
104","
100","
美国","
加州大学戴维斯分校","
58.7"
"
104","
107","
韩国","
延世大学","
58.7"
"
106","
114","
澳大利亚","
阿德莱德大学","
58.6"
"
107","
110","
芬兰","
赫尔辛基大学","
58.4"
"
108","
100","
美国","
圣路易斯华盛顿大学","
58.3"
"
108","
104","
爱尔兰","
都柏林大学圣三一学院","
58.3"
"
110","
108","
瑞士","
日内瓦大学","
58.1"
"
111","
100","
美国","
普渡大学西拉法叶分校","
57.8"
"
112","
112","
丹麦","
丹麦技术大学","
57.4"
"
113","
109","
加拿大","
阿尔伯塔大学","
57.3"
"
114","
120","
荷兰","
格罗宁根大学","
56.1"
"
115","
111","
日本","
名古屋大学","
55.8"
"
116","
117","
瑞典","
乌普萨拉大学","
55.5"
"
116","
118","
巴西","
圣保罗大学","
55.5"
"
118","
122","
荷兰","
莱顿大学","
55.4"
"
119","
135","
挪威","
奥斯陆大学","
54.7"
"
120","
122","
中国","
南京大学","
54.5"
"
120","
124","
荷兰","
乌得勒支大学","
54.5"
"
120","
121","
德国","
柏林洪堡大学","
54.5"
"
123","
139","
瑞士","
伯尔尼大学","
54.3"
"
124","
116","
德国","
卡尔斯鲁厄理工学院","
54.2"
"
125","
125","
荷兰","
瓦赫宁根大学","
54"
"
126","
119","
英国","
伦敦玛丽女王大学","
53.9"
"
127","
132","
智利","
智利天主大学","
53.4"
"
128","
131","
英国","
兰卡斯特大学","
53.2"
"
129","
115","
美国","
南加州大学","
53.1"
"
130","
130","
德国","
柏林自由大学","
53"
"
130","
138","
比利时","
根特大学","
53"
"
132","
128","
日本","
北海道大学","
52.9"
"
132","
126","
日本","
九州大学","
52.9"
"
134","
140","
芬兰","
阿尔托大学","
52.4"
"
135","
132","
美国","
加州大学圣芭芭拉分校","
52.3"
"
136","
126","
美国","
马里兰大学学院园分校","
52.1"
"
137","
149","
加拿大","
蒙特利尔大学","
52"
"
138","
144","
德国","
亚琛工业大学","
51.9"
"
139","
137","
法国","
法国中央理工学院","
51.4"
"
140","
128","
瑞典","
查尔姆斯理工大学","
51.2"
"
140","
136","
美国","
匹兹堡大学","
51.2"
"
140","
146","
加拿大","
麦克马斯特大学","
51.2"
"
140","
160","
澳大利亚","
悉尼科技大学","
51.2"
"
144","
141","
美国","
密歇根州立大学","
51.1"
"
145","
141","
丹麦","
奥尔胡斯大学","
51"
"
146","
141","
英国","
纽卡斯尔大学（英国）","
50.9"
"
147","
147","
德国","
柏林工业大学","
50.6"
"
148","
134","
英国","
约克大学（英国）","
50.5"
"
149","
156","
意大利","
米兰理工大学","
50.4"
"
150","
151","
韩国","
汉阳大学","
50.3"
"
151","
160","
瑞士","
巴塞尔大学","
50"
"
152","
162","
印度","
印度理工学院孟买分校","
49.4"
"
153","
149","
瑞士","
洛桑大学","
49.2"
"
154","
145","
英国","
卡迪夫大学","
49"
"
154","
175","
奥地利","
维也纳大学","
49"
"
156","
148","
美国","
埃默里大学","
48.6"
"
156","
156","
美国","
明尼苏达大学双城分校","
48.6"
"
158","
178","
墨西哥","
蒙特雷科技大学","
48.5"
"
159","
202","
马来西亚","
马来西亚博特拉大学","
48.4"
"
160","
184","
马来西亚","
马来西亚国民大学","
48.3"
"
160","
153","
法国","
里昂高等师范学院","
48.3"
"
162","
154","
以色列","
国立海洋工程学校","
48.2"
"
163","
154","
英国","
埃克塞特大学","
48.1"
"
163","
171","
挪威","
卑尔根大学","
48.1"
"
165","
166","
西班牙","
巴塞罗那大学","
47.9"
"
165","
207","
马来西亚","
马来西亚理科大学","
47.9"
"
167","
180","
美国","
佛罗里达大学","
47.7"
"
167","
165","
比利时","
法语鲁汶天主教大学","
47.7"
"
169","
168","
德国","
蒂宾根大学","
47.3"
"
169","
186","
德国","
弗莱堡大学","
47.3"
"
171","
184","
美国","
罗彻斯特大学","
47.2"
"
172","
158","
英国","
巴斯大学","
47"
"
173","
163","
中国","
国立清华大学","
46.8"
"
173","
180","
英国","
贝尔法斯特女王大学","
46.8"
"
173","
163","
加拿大","
滑铁卢大学","
46.8"
"
176","
175","
新西兰","
奥塔哥大学","
46.7"
"
177","
167","
意大利","
比萨圣安娜大学","
46.6"
"
177","
180","
意大利","
博洛尼亚大学","
46.6"
"
179","
186","
美国","
凯斯西储大学","
46.4"
"
179","
191","
德国","
德累斯顿工业大学","
46.4"
"
181","
164","
英国","
利物浦大学","
46.3"
"
182","
172","
印度","
印度理工学院德里分校","
46.2"
"
183","
179","
荷兰","
鹿特丹伊拉斯谟大学","
46.1"
"
184","
170","
印度","
印度科学学院","
45.9"
"
185","
193","
爱尔兰","
都柏林大学学院","
45.6"
"
186","
231","
沙特阿拉伯","
阿卜杜勒阿齐兹国王大学","
45.2"
"
186","
172","
荷兰","
屯特大学","
45.2"
"
188","
193","
西班牙","
巴塞罗那自治大学","
45.1"
"
189","
208","
智利","
智利大学","
45"
"
189","
203","
美国","
德克萨斯农工大学学院站分校","
45"
"
191","
200","
瑞典","
斯德哥尔摩大学","
44.8"
"
192","
159","
西班牙","
马德里自治大学","
44.7"
"
192","
199","
奥地利","
维也纳技术大学","
44.7"
"
194","
172","
英国","
阿伯丁大学","
44.6"
"
195","
188","
比利时","
布鲁塞尔自由大学（荷语）","
44.5"
"
196","
208","
日本","
早稻田大学","
44.4"
"
197","
197","
德国","
哥廷根大学","
44.2"
"
198","
200","
南非","
开普敦大学","
44.1"
"
198","
192","
美国","
弗吉尼亚大学","
44.1"
"
200","
189","
沙特阿拉伯","
法赫德国王石油与矿产大学","
44"
"
200","
198","
日本","
庆应义塾大学","
44"
"
200","
195","
美国","
范德比尔特大学","
44"
"
203","
217","
意大利","
罗马大学","
43.5"
"
204","
175","
意大利","
比萨高等师范学校","
43.4"
"
205","
195","
英国","
雷丁大学","
43.3"
"
206","
190","
美国","
科罗拉多大学博尔德分校","
43.2"
"
207","
183","
美国","
达特茅斯学院","
43.1"
"
207","
220","
哈萨克斯坦","
国立哈萨克大学","
43.1"
"
207","
214","
澳大利亚","
纽卡斯尔大学（澳大利亚）","
43.1"
"
210","
212","
美国","
圣母大学","
42.9"
"
211","
214","
加拿大","
西安大略大学","
42.8"
"
212","
206","
西班牙","
马德里康普顿斯大学","
42.7"
"
212","
218","
澳大利亚","
伍伦贡大学","
42.7"
"
214","
204","
巴西","
坎皮纳斯州立大学","
42.1"
"
215","
221","
新西兰","
惠灵顿维多利亚大学","
42"
"
215","
212","
美国","
亚利桑那州立大学","
42"
"
217","
228","
马来西亚","
马来西亚理工大学","
41.4"
"
217","
204","
荷兰","
奈梅亨大学","
41.4"
"
219","
230","
以色列","
特拉维夫大学","
41.3"
"
219","
169","
美国","
加州大学欧文分校","
41.3"
"
219","
231","
荷兰","
阿姆斯特丹自由大学","
41.3"
"
222","
218","
英国","
拉夫堡大学","
41.2"
"
223","
223","
比利时","
安特卫普大学","
40.9"
"
224","
244","
澳大利亚","
昆士兰理工大学","
40.7"
"
225","
234","
中国","
国立成功大学","
40.4"
"
226","
226","
美国","
乔治敦大学","
40.1"
"
227","
208","
中国","
国立交通大学","
40"
"
227","
231","
新西兰","
坎特伯雷大学","
40"
"
227","
223","
德国","
汉堡大学","
40"
"
230","
250","
澳大利亚","
科廷大学","
39.9"
"
231","
214","
美国","
伊利诺斯大学芝加哥分校","
39.8"
"
231","
244","
俄罗斯","
新西伯利亚国立大学","
39.8"
"
233","
229","
加拿大","
卡尔加里大学","
39.7"
"
234","
249","
意大利","
帕多瓦大学","
39.6"
"
234","
272","
哥伦比亚","
洛斯安第斯大学","
39.6"
"
234","
235","
俄罗斯","
圣彼得堡国立大学","
39.6"
"
237","
250","
澳大利亚","
麦考瑞大学","
39.5"
"
238","
250","
澳大利亚","
皇家墨尔本理工大学","
39.2"
"
239","
223","
英国","
莱斯特大学","
39"
"
239","
239","
加拿大","
马斯特里赫特大学","
39"
"
239","
211","
荷兰","
马斯特里赫特大学","
39"
"
242","
221","
法国","
巴黎政治学院","
38.9"
"
243","
255","
德国","
波恩大学","
38.8"
"
244","
237","
黎巴嫩","
贝鲁特美国大学","
38.7"
"
245","
242","
西班牙","
纳瓦拉大学","
38.5"
"
246","
227","
英国","
萨塞克斯大学","
38.4"
"
247","
271","
泰国","
朱拉隆功大学","
38.3"
"
247","
264","
韩国","
庆熙大学","
38.3"
"
249","
","
法国","
巴黎高等电信学院","
38.2"
"
250","
263","
法国","
巴黎高等路桥学院","
37.8"
"
251","
257","
中国","
国立台湾科技大学","
37.6"
"
251","
239","
比利时","
法语布鲁塞尔自由大学","
37.6"
"
253","
237","
美国","
塔夫茨大学","
37.5"
"
253","
275","
哥伦比亚","
哥伦比亚国立大学","
37.5"
"
253","
","
法国","
巴黎大学","
37.5"
"
256","
269","
瑞典","
哥德堡大学","
37.3"
"
257","
257","
中国","
武汉大学","
37.2"
"
257","
247","
以色列","
以色列理工大学","
37.2"
"
259","
260","
爱尔兰","
爱尔兰国立高威大学","
37.1"
"
260","
253","
德国","
达姆施塔特工业大学","
37"
"
261","
277","
中国","
香港浸会大学","
36.9"
"
262","
283","
美国","
罗格斯大学新布朗斯维克分校","
36.8"
"
262","
246","
美国","
亚利桑那大学","
36.8"
"
262","
239","
法国","
巴黎第十一大学","
36.8"
"
265","
291","
中国","
同济大学","
36.7"
"
266","
274","
新西兰","
怀卡托大学","
36.6"
"
266","
279","
奥地利","
因斯布鲁克大学","
36.6"
"
268","
277","
俄罗斯","
托木斯克国立大学","
36.5"
"
268","
315","
阿拉伯联合酋长国","
哈里发大学","
36.5"
"
270","
260","
日本","
筑波大学","
36.3"
"
271","
264","
印度","
印度理工学院马德拉斯分校","
36.1"
"
271","
242","
美国","
迈阿密大学（佛罗里达）","
36.1"
"
271","
309","
澳大利亚","
迪肯大学","
36.1"
"
274","
248","
英国","
萨里大学","
35.9"
"
274","
264","
澳大利亚","
南澳大学","
35.9"
"
276","
332","
卡塔尔","
卡塔尔大学","
35.8"
"
277","
292","
中国","
北京师范大学","
35.7"
"
277","
285","
中国","
哈尔滨工业大学","
35.7"
"
279","
260","
德国","
斯图加特大学","
35.6"
"
280","
279","
加拿大","
戴尔豪西大学","
35.4"
"
281","
295","
印度","
印度理工学院克勒格布尔分校","
35.2"
"
281","
256","
沙特阿拉伯","
沙特国王大学","
35.2"
"
281","
289","
加拿大","
渥太华大学（加拿大）","
35.2"
"
284","
299","
俄罗斯","
莫斯科国立鲍曼技术大学","
35.1"
"
285","
298","
西班牙","
庞培法布拉大学","
35"
"
285","
279","
美国","
北卡罗莱纳州立大学","
35"
"
287","
292","
中国","
国立阳明大学","
34.9"
"
287","
295","
中国","
中山大学","
34.9"
"
287","
332","
新西兰","
梅西大学","
34.9"
"
287","
285","
芬兰","
图尔库大学","
34.9"
"
291","
236","
英国","
伦敦大学皇家霍洛威学院","
34.8"
"
291","
283","
印度","
印度理工学院坎普尔分校","
34.8"
"
291","
317","
捷克","
查尔斯大学","
34.8"
"
291","
279","
德国","
法兰克福大学","
34.8"
"
291","
287","
澳大利亚","
塔斯马尼亚大学","
34.8"
"
296","
268","
英国","
斯特拉斯克莱德大学","
34.7"
"
296","
292","
印度尼西亚","
印度尼西亚大学","
34.7"
"
298","
253","
西班牙","
马德里卡洛斯三世大学","
34.6"
"
298","
323","
文莱","
文莱达鲁萨兰大学","
34.6"
"
300","
275","
西班牙","
加泰罗尼亚理工大学","
34.5"
"
301","
321","
爱沙尼亚","
塔尔图大学","
34.4"
"
302","
272","
英国","
邓迪大学","
34.3"
"
302","
325","
意大利","
米兰大学","
34.3"
"
302","
312","
俄罗斯","
莫斯科物理技术学院","
34.3"
"
305","
259","
美国","
麻省大学阿姆赫斯特分校","
34.2"
"
305","
299","
法国","
巴黎第一大学","
34.2"
"
307","
313","
中国","
西安交通大学","
34.1"
"
308","
306","
德国","
科隆大学","
34"
"
309","
288","
英国","
伦敦大学亚非学院","
33.9"
"
310","
338","
爱尔兰","
科克大学学院","
33.7"
"
311","
363","
奥地利","
格拉茨技术大学","
33.6"
"
312","
323","
美国","
印第安纳大学布鲁明顿分校","
33.5"
"
312","
305","
法国","
卡尚高等师范学院","
33.5"
"
314","
302","
英国","
赫瑞·瓦特大学","
33.4"
"
314","
269","
英国","
东英吉利亚大学","
33.4"
"
314","
380","
泰国","
玛希隆大学","
33.4"
"
314","
264","
加拿大","
西蒙弗雷泽大学","
33.4"
"
314","
338","
德国","
曼海姆大学","
33.4"
"
319","
299","
德国","
埃尔朗根-纽伦堡大学","
33.3"
"
320","
391","
印度尼西亚","
格里菲斯大学","
33.2"
"
320","
329","
澳大利亚","
格里菲斯大学","
33.2"
"
322","
315","
韩国","
加札马达大学","
33.1"
"
322","
343","
俄罗斯","
国立高等经济大学","
33.1"
"
324","
302","
瑞典","
林雪平大学","
33"
"
324","
343","
丹麦","
奥尔堡大学","
33"
"
326","
302","
美国","
夏威夷大学玛诺分校","
32.9"
"
327","
338","
美国","
弗吉尼亚理工学院与州立大学","
32.7"
"
328","
306","
英国","
伦敦大学伯贝克学院","
32.6"
"
329","
329","
俄罗斯","
国立核能研究大学-莫斯科工程物理学院","
32.4"
"
329","
350","
阿拉伯联合酋长国","
阿联酋大学","
32.4"
"
331","
308","
中国","
国立台湾师范大学","
32.3"
"
331","
359","
印度尼西亚","
万隆理工学院","
32.3"
"
331","
319","
韩国","
梨花女子大学","
32.3"
"
334","
321","
日本","
广岛大学","
32.2"
"
335","
","
西班牙","
得恩普萨大学","
32.1"
"
336","
310","
西班牙","
瓦伦西亚理工大学","
32"
"
336","
345","
美国","
乔治华盛顿大学","
32"
"
338","
355","
葡萄牙","
里斯本大学","
31.9"
"
338","
411","
波兰","
雅盖隆大学","
31.9"
"
340","
338","
瑞典","
于默奥大学","
31.8"
"
340","
313","
美国","
纽约州立大学布法罗分校","
31.8"
"
340","
326","
德国","
耶拿大学","
31.8"
"
340","
332","
德国","
乌尔姆大学","
31.8"
"
344","
326","
美国","
东北大学（日本）","
31.7"
"
344","
369","
阿根廷","
阿根廷天主教大学","
31.7"
"
346","
336","
芬兰","
于韦斯屈莱大学","
31.6"
"
347","
329","
德国","
明斯特大学","
31.3"
"
348","
387","
意大利","
都灵理工大学","
31.2"
"
349","
351","
英国","
伦敦城市大学","
31.1"
"
349","
394","
波兰","
华沙大学","
31.1"
"
351","
289","
法国","
格勒诺布尔大学","
31"
"
351","
354","
白俄罗斯","
白俄罗斯国立大学","
31"
"
353","
328","
葡萄牙","
波尔图大学","
30.9"
"
353","
345","
美国","
犹他大学","
30.9"
"
355","
","
捷克","
布拉格化学技术学院","
30.8"
"
356","
317","
新西兰","
林肯大学（英国）","
30.7"
"
356","
384","
菲律宾","
菲律宾大学","
30.7"
"
358","
361","
巴西","
里约热内卢联邦大学","
30.6"
"
359","
332","
英国","
布鲁内尔大学","
30.5"
"
359","
352","
日本","
东京医科牙科大学","
30.5"
"
359","
363","
挪威","
挪威科技大学","
30.5"
"
359","
349","
美国","
纽约州立大学石溪分校","
30.5"
"
359","
310","
美国","
叶史瓦大学","
30.5"
"
364","
359","
加拿大","
维多利亚大学（加拿大）","
30.4"
"
364","
412","
俄罗斯","
乌拉尔联邦大学","
30.4"
"
366","
355","
俄罗斯","
莫斯科国立国际关系学院","
30.3"
"
367","
336","
美国","
加州大学圣克鲁斯分校","
30.2"
"
368","
338","
中国","
南开大学","
29.8"
"
368","
355","
英国","
肯特大学","
29.8"
"
370","
355","
英国","
埃塞克斯大学","
29.7"
"
371","
376","
阿拉伯联合酋长国","
沙迦美国大学","
29.6"
"
372","
367","
美国","
堪萨斯大学","
29.4"
"
372","
376","
丹麦","
南丹麦大学","
29.4"
"
374","
376","
芬兰","
奥卢大学","
29.3"
"
375","
397","
巴基斯坦","
巴基斯坦工程与应用科学学院","
29.2"
"
376","
363","
英国","
牛津布鲁克斯大学","
29.1"
"
377","
373","
美国","
康涅狄格大学","
29"
"
377","
369","
澳大利亚","
詹姆斯库克大学","
29"
"
379","
362","
中国","
台北医学大学","
28.9"
"
379","
442","
文莱","
文莱理工大学","
28.9"
"
379","
348","
法国","
斯特拉斯堡大学","
28.9"
"
379","
450","
阿曼","
苏丹卡布斯大学","
28.9"
"
383","
381","
印度","
印度理工学院鲁尔基分校","
28.8"
"
383","
345","
美国","
伦斯勒理工学院","
28.8"
"
383","
387","
澳大利亚","
斯文本科技大学","
28.8"
"
383","
420","
阿根廷","
巴勒莫大学","
28.8"
"
387","
443","
中国","
澳门大学","
28.7"
"
387","
373","
俄罗斯","
托木斯克理工大学","
28.7"
"
389","
426","
意大利","
特伦托大学","
28.6"
"
389","
422","
意大利","
比萨大学","
28.6"
"
389","
369","
挪威","
特罗姆瑟大学-挪威北极圈大学","
28.6"
"
392","
397","
美国","
科罗拉多大学丹佛分校","
28.5"
"
392","
439","
俄罗斯","
喀山联邦大学","
28.5"
"
392","
446","
俄罗斯","
俄罗斯友谊大学","
28.5"
"
395","
352","
日本","
神户大学","
28.4"
"
395","
","
芬兰","
坦佩雷大学","
28.4"
"
395","
420","
埃及","
开罗美国大学","
28.4"
"
398","
375","
瑞士","
圣加伦大学","
28.3"
"
398","
387","
美国","
维克森林大学","
28.3"
"
400","
415","
中国","
华中科技大学","
28.2"
"
400","
381","
南非","
金山大学","
28.2"
"
400","
391","
美国","
华盛顿州立大学","
28.2"
"
400","
417","
巴基斯坦","
伊斯兰堡国立科技大学","
28.2"
"
400","
397","
澳大利亚","
拉筹伯大学","
28.2"
"
400","
367","
阿根廷","
阿根廷奥斯特拉尔大学","
28.2"
"
406","
407","
葡萄牙","
科英布拉大学","
28.1"
"
407","
432","
伊朗","
韩国外国语大学","
28"
"
407","
419","
美国","
田纳西大学诺克斯维尔分校","
28"
"
407","
387","
韩国","
韩国外国语大学","
28"
"
410","
402","
中国","
国立中山大学","
27.9"
"
410","
407","
德国","
美因茨大学","
27.9"
"
412","
422","
中国","
上海大学","
27.8"
"
412","
319","
荷兰","
蒂尔堡大学","
27.8"
"
412","
397","
韩国","
中央大学（韩国）","
27.8"
"
412","
456","
奥地利","
林茨大学","
27.8"
"
416","
402","
加拿大","
拉瓦尔大学","
27.7"
"
417","
396","
英国","
伦敦大学金史密斯学院","
27.6"
"
418","
394","
哈萨克斯坦","
国立欧亚大学","
27.5"
"
419","
407","
以色列","
本古里安大学","
27.4"
"
419","
412","
美国","
杜兰大学","
27.4"
"
421","
405","
葡萄牙","
新葡京大学","
27.3"
"
421","
426","
美国","
伊利诺斯理工学院","
27.3"
"
421","
435","
美国","
爱荷华大学","
27.3"
"
424","
472","
意大利","
那不勒斯费德里克二世大学","
27.2"
"
424","
397","
德国","
康斯坦茨大学","
27.2"
"
424","
478","
澳大利亚","
弗林德斯大学","
27.2"
"
427","
415","
中国","
国立中央大学","
27.1"
"
427","
405","
南非","
斯坦陵布什大学","
27.1"
"
429","
443","
中国","
天津大学","
27"
"
429","
391","
比利时","
列日大学","
27"
"
429","
422","
爱尔兰","
都柏林城市大学","
27"
"
432","
412","
西班牙","
萨拉戈萨大学","
26.7"
"
432","
376","
美国","
波士顿学院","
26.7"
"
432","
372","
德国","
波鸿大学","
26.7"
"
435","
470","
西班牙","
马德里理工大学","
26.5"
"
436","
464","
中国","
北京理工大学","
26.4"
"
436","
511-520","
俄罗斯","
圣彼得堡国家信息技术、机械学与光学研究型大学","
26.4"
"
438","
384","
阿根廷","
贝尔格拉诺大学","
26.3"
"
439","
461","
加拿大","
萨斯喀彻温大学","
26.2"
"
439","
404","
俄罗斯","
圣彼得堡理工大学","
26.2"
"
439","
464","
巴西","
圣保罗联邦大学","
26.2"
"
442","
381","
英国","
阿斯顿大学","
26"
"
442","
464","
新西兰","
奥克兰理工大学","
26"
"
442","
464","
日本","
千叶大学","
26"
"
442","
450","
美国","
科罗拉多州立大学","
26"
"
442","
481","
马来西亚","
思特雅大学","
26"
"
442","
443","
澳大利亚","
邦德大学","
26"
"
448","
501-510","
意大利","
佛罗伦萨大学","
25.8"
"
448","
456","
日本","
一桥大学","
25.8"
"
448","
472","
美国","
佛罗里达州立大学","
25.8"
"
451","
476","
中国","
厦门大学","
25.7"
"
451","
448","
土耳其","
KOC大学","
25.7"
"
451","
476","
俄罗斯","
俄罗斯国立科技大学","
25.7"
"
454","
446","
希腊","
雅典国家技术大学","
25.6"
"
454","
384","
美国","
加州大学里弗赛德分校","
25.6"
"
454","
432","
韩国","
东国大学","
25.6"
"
454","
435","
韩国","
西江大学","
25.6"
"
458","
488","
立陶宛","
维尔纽斯大学","
25.5"
"
458","
489","
法国","
波尔多大学","
25.5"
"
460","
453","
美国","
马里兰大学巴尔的摩县分校","
25.4"
"
461","
450","
美国","
俄勒冈州立大学","
25.3"
"
462","
491","
中国","
北京航空航天大学","
25.2"
"
462","
500","
中国","
北京科技大学","
25.2"
"
462","
435","
英国","
斯旺西大学","
25.2"
"
462","
464","
加拿大","
康考迪亚大学","
25.2"
"
462","
456","
韩国","
韩国加图立大学","
25.2"
"
462","
521-530","
德国","
维尔茨堡大学","
25.2"
"
468","
541-550","
中国","
山东大学","
25.1"
"
468","
460","
日本","
横滨市立大学","
25.1"
"
468","
429","
美国","
布兰代斯大学","
25.1"
"
468","
521-530","
哥伦比亚","
哈韦里安纳主教大学","
25.1"
"
468","
461","
德国","
萨尔大学","
25.1"
"
468","
498","
澳大利亚","
西悉尼大学","
25.1"
"
474","
487","
印度","
德里大学","
25"
"
474","
551-560","
秘鲁","
秘鲁天主大学","
25"
"
474","
431","
美国","
乔治亚大学","
25"
"
477","
500","
新加坡","
新加坡管理大学","
24.9"
"
478","
417","
英国","
斯特灵大学","
24.8"
"
478","
453","
德国","
基尔大学（德国）","
24.8"
"
480","
541-550","
中国","
华南理工大学","
24.7"
"
480","
407","
哥伦比亚","
哥伦比亚外事大学","
24.7"
"
482","
521-530","
马来西亚","
马来西亚石油大学","
24.6"
"
482","
491","
巴西","
圣保罗州立大学","
24.6"
"
484","
429","
中国","
长庚大学","
24.5"
"
484","
475","
中国","
吉林大学","
24.5"
"
484","
432","
英国","
亚伯大学","
24.5"
"
484","
439","
美国","
韦恩州立大学","
24.5"
"
484","
601-650","
澳大利亚","
堪培拉大学","
24.5"
"
489","
511-520","
智利","
智利圣地亚哥大学","
24.4"
"
489","
498","
伊朗","
阿米喀布尔理工大学","
24.4"
"
491","
472","
印度","
印度理工学院古瓦哈提分校","
24.3"
"
491","
531-540","
乌拉圭","
蒙得维的亚大学","
24.3"
"
491","
481","
乌拉圭","
哈尔科夫国立大学","
24.3"
"
491","
439","
美国","
特拉华大学","
24.3"
"
491","
480","
哈萨克斯坦","
南哈萨克斯坦州立大学","
24.3"
"
491","
521-530","
芬兰","
拉彭兰塔理工大学","
24.3"
"
491","
453","
法国","
艾克斯－马赛大学","
24.3"
"
498","
531-540","
捷克","
捷克技术大学","
24.2"
"
498","
481","
芬兰","
东芬兰大学","
24.2"
"
498","
422","
法国","
蒙彼利埃大学","
24.2"
"
501-510","
511-520","
中国","
东南大学","
23.5 - 24.1"
"
501-510","
470","
匈牙利","
赛格德大学","
23.5 - 24.1"
"
501-510","
481","
西班牙","
阿尔卡拉大学","
23.5 - 24.1"
"
501-510","
456","
土耳其","
毕尔坎特大学","
23.5 - 24.1"
"
501-510","
448","
沙特阿拉伯","
哈立德国王大学","
23.5 - 24.1"
"
501-510","
541-550","
沙特阿拉伯","
麦加大学","
23.5 - 24.1"
"
501-510","
551-560","
南非","
约翰内斯堡大学","
23.5 - 24.1"
"
501-510","
426","
美国","
德克萨斯大学达拉斯分校","
23.5 - 24.1"
"
501-510","
511-520","
古巴","
德拉哈瓦那大学","
23.5 - 24.1"
"
501-510","
478","
法国","
里昂应用科学学院","
23.5 - 24.1"
"
511-520","
561-570","
中国","
国立台北科技大学","
22.9 - 23.4"
"
511-520","
491","
意大利","
米兰圣心天主教大学","
22.9 - 23.4"
"
511-520","
511-520","
意大利","
罗马第二大学","
22.9 - 23.4"
"
511-520","
495","
西班牙","
格拉纳达大学","
22.9 - 23.4"
"
511-520","
489","
美国","
爱荷华州立大学","
22.9 - 23.4"
"
511-520","
601-650","
马来西亚","
泰莱大学","
22.9 - 23.4"
"
511-520","
481","
加拿大","
约克大学（加拿大）","
22.9 - 23.4"
"
511-520","
501-510","
韩国","
蔚山大学","
22.9 - 23.4"
"
511-520","
501-510","
哥斯达黎加","
哥斯达黎加大学","
22.9 - 23.4"
"
511-520","
521-530","
法国","
图卢兹第三大学","
22.9 - 23.4"
"
511-520","
561-570","
德国","
哈勒-维滕贝格大学","
22.9 - 23.4"
"
511-520","
551-560","
巴基斯坦","
奎德阿萨姆大学","
22.9 - 23.4"
"
521-530","
435","
英国","
班戈大学","
22.4 - 22.8"
"
521-530","
501-510","
土耳其","
萨班哲大学","
22.4 - 22.8"
"
521-530","
551-560","
韩国","
仁荷大学","
22.4 - 22.8"
"
521-530","
501-510","
韩国","
釜山大学","
22.4 - 22.8"
"
521-530","
501-510","
俄罗斯","
萨拉托夫州立大学","
22.4 - 22.8"
"
521-530","
551-560","
德国","
吉森大学","
22.4 - 22.8"
"
521-530","
500","
德国","
布伦瑞克工业大学","
22.4 - 22.8"
"
521-530","
511-520","
德国","
不来梅大学","
22.4 - 22.8"
"
521-530","
601-650","
波兰","
华沙技术大学","
22.4 - 22.8"
"
521-530","
511-520","
爱尔兰","
利默里克大学","
22.4 - 22.8"
"
521-530","
521-530","
埃及","
开罗大学","
22.4 - 22.8"
"
531-540","
501-510","
中国","
华东师范大学","
22 - 22.3"
"
531-540","
521-530","
中国","
中国人民大学","
22 - 22.3"
"
531-540","
571-580","
英国","
考文垂大学","
22 - 22.3"
"
531-540","
511-520","
日本","
熊本大学","
22 - 22.3"
"
531-540","
521-530","
日本","
长崎大学","
22 - 22.3"
"
531-540","
461","
美国","
克拉克大学（马萨诸塞）","
22 - 22.3"
"
531-540","
531-540","
法国","
巴黎第二大学","
22 - 22.3"
"
531-540","
541-550","
俄罗斯","
远东联邦大学","
22 - 22.3"
"
531-540","
581-590","
德国","
莱比锡大学","
22 - 22.3"
"
541-550","
571-580","
意大利","
都灵大学","
21.8 - 21.9"
"
541-550","
531-540","
乌克兰","
基辅国立塔拉斯-舍甫琴科大学","
21.8 - 21.9"
"
541-550","
581-590","
沙特阿拉伯","
伊玛目阿卜杜勒拉赫曼·本·费萨尔大学","
21.8 - 21.9"
"
541-550","
","
马来西亚","
管理科学大学","
21.8 - 21.9"
"
541-550","
531-540","
芬兰","
奥伯学术大学","
21.8 - 21.9"
"
541-550","
531-540","
俄罗斯","
南方联邦大学","
21.8 - 21.9"
"
541-550","
601-650","
德国","
拜罗伊特大学","
21.8 - 21.9"
"
541-550","
561-570","
奥地利","
格拉茨大学","
21.8 - 21.9"
"
551-560","
531-540","
中国","
华东理工大学","
21.5 - 21.7"
"
551-560","
601-650","
中国","
国立政治大学","
21.5 - 21.7"
"
551-560","
601-650","
以色列","
巴伊兰大学","
21.5 - 21.7"
"
551-560","
541-550","
日本","
大阪市立大学","
21.5 - 21.7"
"
551-560","
531-540","
葡萄牙","
阿威罗大学","
21.5 - 21.7"
"
551-560","
561-570","
南非","
比勒陀利亚大学","
21.5 - 21.7"
"
551-560","
501-510","
美国","
理海大学","
21.5 - 21.7"
"
551-560","
591-600","
美国","
密苏里大学哥伦比亚分校","
21.5 - 21.7"
"
551-560","
571-580","
捷克","
马萨里克大学","
21.5 - 21.7"
"
551-560","
591-600","
韩国","
翰林大学","
21.5 - 21.7"
"
551-560","
","
哥伦比亚","
玻利瓦尔宗大学","
21.5 - 21.7"
"
561-570","
561-570","
希腊","
塞萨洛尼基亚里士多德大学","
21.1 - 21.4"
"
561-570","
511-520","
日本","
冈山大学","
21.1 - 21.4"
"
561-570","
581-590","
墨西哥","
阿纳瓦克大学","
21.1 - 21.4"
"
561-570","
501-510","
美国","
德雷塞尔大学","
21.1 - 21.4"
"
561-570","
531-540","
美国","
新学院","
21.1 - 21.4"
"
561-570","
541-550","
美国","
辛辛那提大学","
21.1 - 21.4"
"
561-570","
551-560","
美国","
内布拉斯加大学林肯分校","
21.1 - 21.4"
"
561-570","
561-570","
美国","
南卡罗莱纳大学哥伦比亚分校","
21.1 - 21.4"
"
561-570","
500","
黎巴嫩","
贝鲁特圣约瑟夫大学","
21.1 - 21.4"
"
561-570","
541-550","
加拿大","
魁北克大学","
21.1 - 21.4"
"
561-570","
481","
哈萨克斯坦","
阿拜哈萨克国立教育大学","
21.1 - 21.4"
"
561-570","
464","
哈萨克斯坦","
萨特巴耶夫大学","
21.1 - 21.4"
"
561-570","
","
法国","
蔚蓝海岸大学","
21.1 - 21.4"
"
571-580","
571-580","
中国","
大连理工大学","
20.8 - 21"
"
571-580","
581-590","
美国","
麻省大学波士顿分校","
20.8 - 21"
"
571-580","
495","
美国","
俄克拉荷马大学","
20.8 - 21"
"
571-580","
531-540","
美国","
佛蒙特大学","
20.8 - 21"
"
571-580","
581-590","
加拿大","
圭尔夫大学","
20.8 - 21"
"
571-580","
571-580","
韩国","
全北大学","
20.8 - 21"
"
571-580","
581-590","
韩国","
建国大学","
20.8 - 21"
"
571-580","
591-600","
澳大利亚","
莫道克大学","
20.8 - 21"
"
581-590","
581-590","
意大利","
帕维亚大学","
20.6 - 20.7"
"
581-590","
561-570","
西班牙","
瓦伦西亚大学","
20.6 - 20.7"
"
581-590","
601-650","
瑞士","
弗里堡大学","
20.6 - 20.7"
"
581-590","
561-570","
日本","
金泽大学","
20.6 - 20.7"
"
581-590","
501-510","
美国","
霍华德大学","
20.6 - 20.7"
"
581-590","
551-560","
美国","
雪城大学","
20.6 - 20.7"
"
581-590","
601-650","
黎巴嫩","
黎巴嫩美国大学","
20.6 - 20.7"
"
581-590","
591-600","
黎巴嫩","
巴拉曼大学","
20.6 - 20.7"
"
591-600","
601-650","
中国","
岭南大学（中国香港）","
20.3 - 20.5"
"
591-600","
591-600","
英国","
金斯顿大学","
20.3 - 20.5"
"
591-600","
601-650","
意大利","
米兰比可卡大学","
20.3 - 20.5"
"
591-600","
541-550","
西班牙","
拉蒙卢尔大学","
20.3 - 20.5"
"
591-600","
551-560","
土耳其","
中东理工大学","
20.3 - 20.5"
"
591-600","
651-700","
斯洛文尼亚","
卢布尔雅那大学","
20.3 - 20.5"
"
591-600","
601-650","
马来西亚","
马来西亚北方大学","
20.3 - 20.5"
"
591-600","
581-590","
立陶宛","
维尔纽斯工业大学","
20.3 - 20.5"
"
591-600","
591-600","
比利时","
蒙斯大学","
20.3 - 20.5"
"
591-600","
601-650","
阿根廷","
国立拉普拉塔大学","
20.3 - 20.5"
"
601-650","
601-650","
中国","
四川大学","
18.5 - 20.2"
"
601-650","
651-700","
智利","
康塞普西翁大学","
18.5 - 20.2"
"
601-650","
601-650","
约旦","
约旦大学","
18.5 - 20.2"
"
601-650","
601-650","
英国","
基尔大学（英国）","
18.5 - 20.2"
"
601-650","
601-650","
英国","
阿尔斯特大学","
18.5 - 20.2"
"
601-650","
591-600","
英国","
布莱德福德大学","
18.5 - 20.2"
"
601-650","
601-650","
英国","
朴茨茅斯大学","
18.5 - 20.2"
"
601-650","
701-750","
印度尼西亚","
茂物农业大学","
18.5 - 20.2"
"
601-650","
601-650","
伊朗","
伊朗科技大学","
18.5 - 20.2"
"
601-650","
701-750","
伊朗","
德黑兰大学","
18.5 - 20.2"
"
601-650","
591-600","
西班牙","
萨拉曼卡大学","
18.5 - 20.2"
"
601-650","
601-650","
西班牙","
塞维利亚大学","
18.5 - 20.2"
"
601-650","
651-700","
泰国","
清迈大学","
18.5 - 20.2"
"
601-650","
601-650","
泰国","
国立法政大学","
18.5 - 20.2"
"
601-650","
601-650","
斯洛文尼亚","
德布勒森大学","
18.5 - 20.2"
"
601-650","
651-700","
日本","
岐阜大学","
18.5 - 20.2"
"
601-650","
651-700","
日本","
新潟大学","
18.5 - 20.2"
"
601-650","
651-700","
日本","
首都大学东京","
18.5 - 20.2"
"
601-650","
571-580","
日本","
东京农工大学","
18.5 - 20.2"
"
601-650","
751-800","
墨西哥","
泛美大学","
18.5 - 20.2"
"
601-650","
541-550","
美国","
美利坚大学","
18.5 - 20.2"
"
601-650","
601-650","
美国","
纽约城市大学","
18.5 - 20.2"
"
601-650","
601-650","
美国","
克拉克森大学","
18.5 - 20.2"
"
601-650","
581-590","
美国","
威廉玛丽学院","
18.5 - 20.2"
"
601-650","
591-600","
美国","
密歇根理工大学","
18.5 - 20.2"
"
601-650","
601-650","
美国","
史密斯学院","
18.5 - 20.2"
"
601-650","
551-560","
美国","
肯塔基大学","
18.5 - 20.2"
"
601-650","
494","
美国","
新墨西哥大学","
18.5 - 20.2"
"
601-650","
581-590","
美国","
俄勒冈大学","
18.5 - 20.2"
"
601-650","
521-530","
美国","
南佛罗里达大学（坦帕）","
18.5 - 20.2"
"
601-650","
601-650","
美国","
弗吉尼亚联邦大学","
18.5 - 20.2"
"
601-650","
601-650","
美国","
伍斯特理工学院","
18.5 - 20.2"
"
601-650","
651-700","
黎巴嫩","
卡斯里克圣灵大学","
18.5 - 20.2"
"
601-650","
651-700","
捷克","
帕拉茨基大学","
18.5 - 20.2"
"
601-650","
601-650","
加拿大","
曼尼托巴大学","
18.5 - 20.2"
"
601-650","
651-700","
韩国","
亚洲大学（韩国）","
18.5 - 20.2"
"
601-650","
651-700","
韩国","
庆北大学","
18.5 - 20.2"
"
601-650","
651-700","
菲律宾","
马尼拉雅典耀大学","
18.5 - 20.2"
"
601-650","
601-650","
俄罗斯","
罗巴切夫斯基州立大学","
18.5 - 20.2"
"
601-650","
601-650","
德国","
杜伊斯堡-埃森大学","
18.5 - 20.2"
"
601-650","
571-580","
德国","
雷根斯堡大学","
18.5 - 20.2"
"
601-650","
601-650","
巴西","
里约热内卢天主大学","
18.5 - 20.2"
"
601-650","
601-650","
澳大利亚","
中央昆士兰大学","
18.5 - 20.2"
"
601-650","
651-700","
澳大利亚","
维多利亚大学（澳大利亚）","
18.5 - 20.2"
"
601-650","
701-750","
奥地利","
克拉根福大学","
18.5 - 20.2"
"
601-650","
601-650","
爱沙尼亚","
塔林理工大学","
18.5 - 20.2"
"
601-650","
561-570","
阿拉伯联合酋长国","
迪拜美国大学","
18.5 - 20.2"
"
601-650","
581-590","
阿根廷","
布宜诺斯艾利斯理工学院","
18.5 - 20.2"
"
601-650","
591-600","
阿根廷","
圣安德烈斯大学","
18.5 - 20.2"
"
601-650","
651-700","
阿根廷","
托尔夸托迪特利亚大学","
18.5 - 20.2"
"
651-700","
651-700","
中国","
中国农业大学","
16.7 - 18.4"
"
651-700","
","
中国","
高雄医学大学","
16.7 - 18.4"
"
651-700","
651-700","
中国","
国立中兴大学","
16.7 - 18.4"
"
651-700","
651-700","
约旦","
约旦科技大学","
16.7 - 18.4"
"
651-700","
601-650","
英国","
普利茅斯大学","
16.7 - 18.4"
"
651-700","
601-650","
英国","
威斯敏斯特大学","
16.7 - 18.4"
"
651-700","
751-800","
印度尼西亚","
艾尔朗加大学","
16.7 - 18.4"
"
651-700","
601-650","
印度","
贾达普大学","
16.7 - 18.4"
"
651-700","
701-750","
意大利","
热那亚大学","
16.7 - 18.4"
"
651-700","
651-700","
以色列","
海法大学","
16.7 - 18.4"
"
651-700","
651-700","
希腊","
雅典大学","
16.7 - 18.4"
"
651-700","
601-650","
西班牙","
巴斯克大学","
16.7 - 18.4"
"
651-700","
581-590","
西班牙","
圣地亚哥德孔波斯特拉大学","
16.7 - 18.4"
"
651-700","
701-750","
乌克兰","
哈尔科夫理工学院","
16.7 - 18.4"
"
651-700","
571-580","
土耳其","
海峡大学","
16.7 - 18.4"
"
651-700","
651-700","
土耳其","
伊斯坦布尔理工大学","
16.7 - 18.4"
"
651-700","
701-750","
斯洛文尼亚","
罗兰大学","
16.7 - 18.4"
"
651-700","
701-750","
斯洛文尼亚","
佩奇大学","
16.7 - 18.4"
"
651-700","
601-650","
日本","
鹿儿岛大学","
16.7 - 18.4"
"
651-700","
601-650","
日本","
大阪府立大学","
16.7 - 18.4"
"
651-700","
651-700","
葡萄牙","
米尼奥大学","
16.7 - 18.4"
"
651-700","
651-700","
墨西哥","
墨西哥国立理工大学","
16.7 - 18.4"
"
651-700","
651-700","
墨西哥","
墨西哥自治理工大学","
16.7 - 18.4"
"
651-700","
701-750","
墨西哥","
伊比利亚美洲大学","
16.7 - 18.4"
"
651-700","
561-570","
美国","
印第安纳大学-普渡大学印第安纳波利斯分校","
16.7 - 18.4"
"
651-700","
651-700","
美国","
路易斯安那州立大学巴吞鲁日分校","
16.7 - 18.4"
"
651-700","
701-750","
美国","
密苏里科技大学","
16.7 - 18.4"
"
651-700","
601-650","
美国","
罗格斯大学纽华克分校","
16.7 - 18.4"
"
651-700","
651-700","
美国","
斯蒂文斯理工学院","
16.7 - 18.4"
"
651-700","
651-700","
美国","
天普大学","
16.7 - 18.4"
"
651-700","
651-700","
美国","
丹佛大学","
16.7 - 18.4"
"
651-700","
651-700","
美国","
休斯顿大学","
16.7 - 18.4"
"
651-700","
651-700","
马来西亚","
马来西亚国际伊斯兰大学","
16.7 - 18.4"
"
651-700","
751-800","
马来西亚","
玛拉工艺大学","
16.7 - 18.4"
"
651-700","
651-700","
捷克","
布尔诺技术大学","
16.7 - 18.4"
"
651-700","
651-700","
加拿大","
卡尔顿大学","
16.7 - 18.4"
"
651-700","
651-700","
加拿大","
舍布鲁克大学","
16.7 - 18.4"
"
651-700","
651-700","
加拿大","
温莎大学","
16.7 - 18.4"
"
651-700","
651-700","
韩国","
世宗大学","
16.7 - 18.4"
"
651-700","
651-700","
韩国","
首尔大学","
16.7 - 18.4"
"
651-700","
651-700","
哈萨克斯坦","
哈萨克国立农业大学","
16.7 - 18.4"
"
651-700","
701-750","
哥伦比亚","
安蒂奥基亚大学","
16.7 - 18.4"
"
651-700","
601-650","
法国","
里昂第一大学","
16.7 - 18.4"
"
651-700","
701-750","
俄罗斯","
萨马拉大学","
16.7 - 18.4"
"
651-700","
551-560","
德国","
汉诺威大学","
16.7 - 18.4"
"
651-700","
601-650","
德国","
马尔堡大学","
16.7 - 18.4"
"
651-700","
495","
德国","
霍恩海姆大学","
16.7 - 18.4"
"
651-700","
531-540","
巴西","
圣保罗天主大学","
16.7 - 18.4"
"
651-700","
601-650","
巴西","
米纳斯吉拉斯州联邦大学","
16.7 - 18.4"
"
651-700","
601-650","
巴西","
南里奥格兰德州联邦大学","
16.7 - 18.4"
"
651-700","
651-700","
澳大利亚","
查尔斯达尔文大学","
16.7 - 18.4"
"
651-700","
751-800","
澳大利亚","
埃迪斯科文大学","
16.7 - 18.4"
"
651-700","
651-700","
阿拉伯联合酋长国","
沙迦大学","
16.7 - 18.4"
"
651-700","
701-750","
阿拉伯联合酋长国","
扎耶德大学","
16.7 - 18.4"
"
701-750","
751-800","
中国","
北京交通大学","
15.2 - 16.6"
"
701-750","
751-800","
中国","
北京工业大学","
15.2 - 16.6"
"
701-750","
801-1000","
中国","
中南大学","
15.2 - 16.6"
"
701-750","
701-750","
中国","
湖南大学","
15.2 - 16.6"
"
701-750","
","
中国","
深圳大学","
15.2 - 16.6"
"
701-750","
751-800","
智利","
瓦尔帕莱索天主大学","
15.2 - 16.6"
"
701-750","
701-750","
智利","
阿道夫·伊瓦涅斯大学","
15.2 - 16.6"
"
701-750","
701-750","
越南","
胡志明市国家大学","
15.2 - 16.6"
"
701-750","
701-750","
英国","
伯恩茅斯大学","
15.2 - 16.6"
"
701-750","
751-800","
英国","
伦敦南岸大学","
15.2 - 16.6"
"
701-750","
701-750","
英国","
诺森比亚大学","
15.2 - 16.6"
"
701-750","
801-1000","
英国","
诺丁汉特伦特大学","
15.2 - 16.6"
"
701-750","
701-750","
英国","
格林威治大学","
15.2 - 16.6"
"
701-750","
701-750","
英国","
哈德斯菲尔德大学","
15.2 - 16.6"
"
701-750","
591-600","
英国","
赫尔大学","
15.2 - 16.6"
"
701-750","
751-800","
印度","
马尼帕尔高等教育学院","
15.2 - 16.6"
"
701-750","
701-750","
意大利","
锡耶纳大学","
15.2 - 16.6"
"
701-750","
701-750","
意大利","
的里雅斯特大学","
15.2 - 16.6"
"
701-750","
651-700","
伊拉克","
巴格达大学","
15.2 - 16.6"
"
701-750","
701-750","
希腊","
帕特雷大学","
15.2 - 16.6"
"
701-750","
","
西班牙","
罗维拉大学","
15.2 - 16.6"
"
701-750","
","
西班牙","
阿里坎特大学","
15.2 - 16.6"
"
701-750","
601-650","
乌克兰","
基辅国立理工大学","
15.2 - 16.6"
"
701-750","
751-800","
乌克兰","
苏梅国立大学","
15.2 - 16.6"
"
701-750","
751-800","
委内瑞拉","
委内瑞拉中央大学","
15.2 - 16.6"
"
701-750","
701-750","
日本","
山口大学","
15.2 - 16.6"
"
701-750","
751-800","
墨西哥","
瓜达拉哈拉大学","
15.2 - 16.6"
"
701-750","
701-750","
美国","
克莱蒙森大学","
15.2 - 16.6"
"
701-750","
701-750","
美国","
乔治亚州立大学","
15.2 - 16.6"
"
701-750","
751-800","
美国","
堪萨斯州立大学","
15.2 - 16.6"
"
701-750","
651-700","
美国","
南卫理公会大学","
15.2 - 16.6"
"
701-750","
651-700","
美国","
纽约州立大学奥尔巴尼分校","
15.2 - 16.6"
"
701-750","
701-750","
美国","
阿拉巴马大学","
15.2 - 16.6"
"
701-750","
751-800","
美国","
中佛罗里达大学","
15.2 - 16.6"
"
701-750","
701-750","
美国","
塔尔萨大学","
15.2 - 16.6"
"
701-750","
651-700","
美国","
怀俄明大学","
15.2 - 16.6"
"
701-750","
","
马来西亚","
马来西亚玻璃市大学","
15.2 - 16.6"
"
701-750","
751-800","
拉脱维亚","
里加技术大学","
15.2 - 16.6"
"
701-750","
651-700","
加拿大","
纽芬兰纪念大学","
15.2 - 16.6"
"
701-750","
651-700","
韩国","
全南大学","
15.2 - 16.6"
"
701-750","
701-750","
韩国","
忠南大学","
15.2 - 16.6"
"
701-750","
701-750","
韩国","
檀国大学","
15.2 - 16.6"
"
701-750","
","
哥伦比亚","
ICESI大学","
15.2 - 16.6"
"
701-750","
651-700","
法国","
里尔大学","
15.2 - 16.6"
"
701-750","
601-650","
德国","
波茨坦大学","
15.2 - 16.6"
"
701-750","
751-800","
巴西","
圣卡塔琳娜联邦大学","
15.2 - 16.6"
"
701-750","
701-750","
巴基斯坦","
拉合尔管理大学","
15.2 - 16.6"
"
701-750","
701-750","
爱尔兰","
梅努斯大学","
15.2 - 16.6"
"
701-750","
701-750","
阿拉伯联合酋长国","
阿布扎比大学","
15.2 - 16.6"
"
751-800","
801-1000","
中国","
重庆大学","
14.2 - 15.1"
"
751-800","
601-650","
中国","
兰州大学","
14.2 - 15.1"
"
751-800","
751-800","
英国","
伦敦都市大学","
14.2 - 15.1"
"
751-800","
801-1000","
英国","
曼彻斯特城市大学","
14.2 - 15.1"
"
751-800","
701-750","
英国","
东伦敦大学","
14.2 - 15.1"
"
751-800","
751-800","
英国","
赫特福德大学","
14.2 - 15.1"
"
751-800","
","
英国","
西英格兰大学","
14.2 - 15.1"
"
751-800","
651-700","
印度尼西亚","
巴查查兰大学","
14.2 - 15.1"
"
751-800","
751-800","
印度","
安娜大学","
14.2 - 15.1"
"
751-800","
751-800","
印度","
国立伊斯兰大学","
14.2 - 15.1"
"
751-800","
","
印度","
金达尔全球大学","
14.2 - 15.1"
"
751-800","
751-800","
意大利","
威尼斯东方大学","
14.2 - 15.1"
"
751-800","
801-1000","
意大利","
莫德纳和勒佐艾米利亚大学","
14.2 - 15.1"
"
751-800","
751-800","
意大利","
佩鲁贾大学","
14.2 - 15.1"
"
751-800","
701-750","
意大利","
布雷西亚大学（意大利）","
14.2 - 15.1"
"
751-800","
651-700","
希腊","
克里特大学","
14.2 - 15.1"
"
751-800","
751-800","
乌克兰","
利沃夫国立理工大学","
14.2 - 15.1"
"
751-800","
801-1000","
斯洛文尼亚","
马里博尔大学","
14.2 - 15.1"
"
751-800","
751-800","
斯洛伐克","
夸美纽斯大学","
14.2 - 15.1"
"
751-800","
751-800","
斯洛伐克","
斯洛伐克工业大学","
14.2 - 15.1"
"
751-800","
701-750","
日本","
群马大学","
14.2 - 15.1"
"
751-800","
801-1000","
日本","
信州大学","
14.2 - 15.1"
"
751-800","
701-750","
日本","
横滨国立大学","
14.2 - 15.1"
"
751-800","
751-800","
墨西哥","
普埃布拉拉美大学","
14.2 - 15.1"
"
751-800","
801-1000","
美国","
杨百翰大学","
14.2 - 15.1"
"
751-800","
801-1000","
美国","
佛罗里达国际大学","
14.2 - 15.1"
"
751-800","
801-1000","
美国","
芝加哥洛约拉大学","
14.2 - 15.1"
"
751-800","
751-800","
美国","
新泽西理工学院","
14.2 - 15.1"
"
751-800","
751-800","
美国","
俄克拉荷马州立大学","
14.2 - 15.1"
"
751-800","
","
马来西亚","
双威大学","
14.2 - 15.1"
"
751-800","
","
马来西亚","
马来西亚彭亨大学","
14.2 - 15.1"
"
751-800","
751-800","
立陶宛","
考纳斯工业大学","
14.2 - 15.1"
"
751-800","
801-1000","
克罗地亚","
萨格勒布大学","
14.2 - 15.1"
"
751-800","
","
捷克","
利贝雷茨技术大学","
14.2 - 15.1"
"
751-800","
651-700","
哈萨克斯坦","
哈英科技大学","
14.2 - 15.1"
"
751-800","
801-1000","
哥伦比亚","
拉萨瓦纳大学","
14.2 - 15.1"
"
751-800","
801-1000","
哥伦比亚","
罗萨里奥大学","
14.2 - 15.1"
"
751-800","
701-750","
法国","
洛林大学","
14.2 - 15.1"
"
751-800","
701-750","
厄瓜多尔","
圣弗朗西斯科基多大学","
14.2 - 15.1"
"
751-800","
801-1000","
俄罗斯","
俄罗斯经济大学","
14.2 - 15.1"
"
751-800","
701-750","
德国","
多特蒙德工业大学","
14.2 - 15.1"
"
751-800","
701-750","
德国","
比勒费尔德大学","
14.2 - 15.1"
"
751-800","
701-750","
德国","
杜塞尔多夫大学","
14.2 - 15.1"
"
751-800","
701-750","
德国","
罗斯托克大学","
14.2 - 15.1"
"
751-800","
801-1000","
保加利亚","
索非亚大学","
14.2 - 15.1"
"
751-800","
801-1000","
澳大利亚","
南十字星大学","
14.2 - 15.1"
"
751-800","
751-800","
澳大利亚","
南昆士兰大学","
14.2 - 15.1"
"
751-800","
751-800","
奥地利","
萨尔茨堡大学","
14.2 - 15.1"
"
751-800","
751-800","
爱尔兰","
都柏林理工学院","
14.2 - 15.1"
"
751-800","
801-1000","
阿拉伯联合酋长国","
阿治曼大学","
14.2 - 15.1"
"
801-1000","
751-800","
中国","
北京外国语大学","
9 - 14.1"
"
801-1000","
801-1000","
中国","
国立中正大学","
9 - 14.1"
"
801-1000","
701-750","
中国","
上海外国语大学","
9 - 14.1"
"
801-1000","
","
中国","
武汉理工大学","
9 - 14.1"
"
801-1000","
","
中国","
西交利物浦大学","
9 - 14.1"
"
801-1000","
801-1000","
智利","
智利南方大学","
9 - 14.1"
"
801-1000","
","
智利","
洛斯安第斯大学（智利）","
9 - 14.1"
"
801-1000","
801-1000","
智利","
塔尔卡大学","
9 - 14.1"
"
801-1000","
801-1000","
智利","
迭戈波塔利斯大学","
9 - 14.1"
"
801-1000","
801-1000","
智利","
圣玛丽亚联邦理工大学","
9 - 14.1"
"
801-1000","
801-1000","
越南","
河内国立大学","
9 - 14.1"
"
801-1000","
","
约旦","
公主科技大学","
9 - 14.1"
"
801-1000","
","
英国","
伯明翰城市大学","
9 - 14.1"
"
801-1000","
","
英国","
坎特伯雷基督教会大学","
9 - 14.1"
"
801-1000","
","
英国","
德蒙特福特大学","
9 - 14.1"
"
801-1000","
801-1000","
英国","
爱丁堡龙比亚大学","
9 - 14.1"
"
801-1000","
","
英国","
格拉斯哥卡利多尼亚大学","
9 - 14.1"
"
801-1000","
","
英国","
利物浦约翰摩尔大学","
9 - 14.1"
"
801-1000","
751-800","
英国","
密德萨斯大学","
9 - 14.1"
"
801-1000","
","
英国","
谢菲尔德哈勒姆大学","
9 - 14.1"
"
801-1000","
801-1000","
英国","
罗伯特戈登大学","
9 - 14.1"
"
801-1000","
751-800","
英国","
布莱顿大学","
9 - 14.1"
"
801-1000","
801-1000","
英国","
中央兰开夏大学","
9 - 14.1"
"
801-1000","
","
英国","
林肯大学（英国）","
9 - 14.1"
"
801-1000","
751-800","
英国","
索尔福德大学","
9 - 14.1"
"
801-1000","
","
印度尼西亚","
比娜努沙登加拉大学","
9 - 14.1"
"
801-1000","
801-1000","
印度尼西亚","
蒂波尼格罗大学","
9 - 14.1"
"
801-1000","
801-1000","
印度尼西亚","
泗水理工学院","
9 - 14.1"
"
801-1000","
801-1000","
印度","
阿里格尔穆斯林大学","
9 - 14.1"
"
801-1000","
801-1000","
印度","
甘露大学","
9 - 14.1"
"
801-1000","
801-1000","
印度","
贝拿勒斯印度教大学","
9 - 14.1"
"
801-1000","
801-1000","
印度","
比尔拉科学技术学院","
9 - 14.1"
"
801-1000","
801-1000","
印度","
浦那大学","
9 - 14.1"
"
801-1000","
801-1000","
印度","
Thapar工程技术学院","
9 - 14.1"
"
801-1000","
801-1000","
印度","
加尔各答大学","
9 - 14.1"
"
801-1000","
801-1000","
印度","
孟买大学","
9 - 14.1"
"
801-1000","
801-1000","
印度","
韦洛尔技术学院","
9 - 14.1"
"
801-1000","
","
意大利","
巴里理工大学","
9 - 14.1"
"
801-1000","
801-1000","
意大利","
卡塔尼亚大学","
9 - 14.1"
"
801-1000","
701-750","
意大利","
费拉拉大学","
9 - 14.1"
"
801-1000","
","
意大利","
萨莱诺大学","
9 - 14.1"
"
801-1000","
","
意大利","
乌迪内大学","
9 - 14.1"
"
801-1000","
801-1000","
意大利","
罗马第三大学","
9 - 14.1"
"
801-1000","
801-1000","
意大利","
巴勒莫大学","
9 - 14.1"
"
801-1000","
801-1000","
意大利","
巴里大学","
9 - 14.1"
"
801-1000","
","
意大利","
帕尔马大学","
9 - 14.1"
"
801-1000","
801-1000","
意大利","
维罗纳大学","
9 - 14.1"
"
801-1000","
801-1000","
伊朗","
沙希德贝赫什提大学","
9 - 14.1"
"
801-1000","
801-1000","
伊朗","
设拉子大学","
9 - 14.1"
"
801-1000","
701-750","
伊拉克","
库法大学","
9 - 14.1"
"
801-1000","
801-1000","
希腊","
雅典经济与商业大学","
9 - 14.1"
"
801-1000","
801-1000","
西班牙","
卡斯蒂利亚拉曼恰大学","
9 - 14.1"
"
801-1000","
801-1000","
西班牙","
穆尔西亚大学","
9 - 14.1"
"
801-1000","
801-1000","
西班牙","
奥维耶多大学","
9 - 14.1"
"
801-1000","
801-1000","
西班牙","
拉科鲁尼亚大学","
9 - 14.1"
"
801-1000","
801-1000","
西班牙","
维戈大学","
9 - 14.1"
"
801-1000","
801-1000","
乌拉圭","
乌拉圭共和大学","
9 - 14.1"
"
801-1000","
801-1000","
委内瑞拉","
安德鲁贝罗天主大学","
9 - 14.1"
"
801-1000","
801-1000","
委内瑞拉","
洛斯安第斯大学","
9 - 14.1"
"
801-1000","
801-1000","
委内瑞拉","
西蒙玻利瓦尔大学","
9 - 14.1"
"
801-1000","
801-1000","
土耳其","
安卡拉大学","
9 - 14.1"
"
801-1000","
801-1000","
土耳其","
哈斯特帕大学","
9 - 14.1"
"
801-1000","
801-1000","
土耳其","
伊斯坦布尔大学","
9 - 14.1"
"
801-1000","
801-1000","
泰国","
农业大学","
9 - 14.1"
"
801-1000","
801-1000","
泰国","
孔敬大学","
9 - 14.1"
"
801-1000","
801-1000","
泰国","
国王科技大学","
9 - 14.1"
"
801-1000","
801-1000","
泰国","
宋卡王子大学","
9 - 14.1"
"
801-1000","
801-1000","
斯洛文尼亚","
布达佩斯技术与经济大学","
9 - 14.1"
"
801-1000","
801-1000","
斯洛文尼亚","
布达佩斯考文纽斯大学","
9 - 14.1"
"
801-1000","
801-1000","
斯洛伐克","
科希策工业大学","
9 - 14.1"
"
801-1000","
","
斯里兰卡","
佩拉德尼亚大学","
9 - 14.1"
"
801-1000","
801-1000","
沙特阿拉伯","
费萨尔国王大学","
9 - 14.1"
"
801-1000","
801-1000","
塞尔维亚","
贝尔格莱德大学","
9 - 14.1"
"
801-1000","
801-1000","
日本","
京都工艺纤维大学","
9 - 14.1"
"
801-1000","
801-1000","
日本","
九州工业大学","
9 - 14.1"
"
801-1000","
751-800","
日本","
名古屋工业大学","
9 - 14.1"
"
801-1000","
","
日本","
立教大学","
9 - 14.1"
"
801-1000","
801-1000","
日本","
立命馆大学","
9 - 14.1"
"
801-1000","
801-1000","
日本","
埼玉大学","
9 - 14.1"
"
801-1000","
751-800","
日本","
上智大学","
9 - 14.1"
"
801-1000","
801-1000","
日本","
东海大学（日本）","
9 - 14.1"
"
801-1000","
751-800","
日本","
东京理科大学","
9 - 14.1"
"
801-1000","
751-800","
葡萄牙","
葡萄牙天主大学","
9 - 14.1"
"
801-1000","
801-1000","
南非","
罗德斯大学（南非）","
9 - 14.1"
"
801-1000","
751-800","
南非","
夸祖鲁·纳塔尔大学","
9 - 14.1"
"
801-1000","
801-1000","
南非","
西开普大学","
9 - 14.1"
"
801-1000","
801-1000","
墨西哥","
新莱昂自治大学","
9 - 14.1"
"
801-1000","
801-1000","
墨西哥","
墨西哥州立自治大学","
9 - 14.1"
"
801-1000","
751-800","
墨西哥","
墨西哥自治都会大学","
9 - 14.1"
"
801-1000","
801-1000","
墨西哥","
蒙特雷大学","
9 - 14.1"
"
801-1000","
","
秘鲁","
利马大学","
9 - 14.1"
"
801-1000","
801-1000","
秘鲁","
卡耶塔诺埃雷迪亚大学","
9 - 14.1"
"
801-1000","
801-1000","
孟加拉国","
达卡大学","
9 - 14.1"
"
801-1000","
801-1000","
美国","
奥本大学","
9 - 14.1"
"
801-1000","
801-1000","
美国","
贝勒大学","
9 - 14.1"
"
801-1000","
801-1000","
美国","
纽约州立大学宾汉顿分校","
9 - 14.1"
"
801-1000","
801-1000","
美国","
福德汉姆大学","
9 - 14.1"
"
801-1000","
801-1000","
美国","
乔治梅森大学","
9 - 14.1"
"
801-1000","
751-800","
美国","
肯特州立大学","
9 - 14.1"
"
801-1000","
801-1000","
美国","
马凯特大学","
9 - 14.1"
"
801-1000","
801-1000","
美国","
迈阿密大学（俄亥俄）","
9 - 14.1"
"
801-1000","
801-1000","
美国","
俄亥俄大学","
9 - 14.1"
"
801-1000","
801-1000","
美国","
圣地亚哥州立大学","
9 - 14.1"
"
801-1000","
701-750","
美国","
德克萨斯理工大学","
9 - 14.1"
"
801-1000","
801-1000","
美国","
阿肯色大学费耶特维尔分校","
9 - 14.1"
"
801-1000","
801-1000","
美国","
密西西比大学","
9 - 14.1"
"
801-1000","
801-1000","
美国","
蒙大拿大学密苏拉分校","
9 - 14.1"
"
801-1000","
751-800","
美国","
新罕布什尔大学","
9 - 14.1"
"
801-1000","
801-1000","
美国","
圣地亚哥大学","
9 - 14.1"
"
801-1000","
801-1000","
美国","
旧金山大学","
9 - 14.1"
"
801-1000","
801-1000","
美国","
太平洋大学（斯托克顿）","
9 - 14.1"
"
801-1000","
801-1000","
美国","
犹他州立大学","
9 - 14.1"
"
801-1000","
801-1000","
马来西亚","
多媒体大学","
9 - 14.1"
"
801-1000","
","
马来西亚","
马来西亚砂劳越大学","
9 - 14.1"
"
801-1000","
701-750","
马来西亚","
马来西亚国家能源大学","
9 - 14.1"
"
801-1000","
","
马来西亚","
拉曼大学","
9 - 14.1"
"
801-1000","
","
马来西亚","
马来西亚沙巴大学","
9 - 14.1"
"
801-1000","
801-1000","
罗马尼亚","
巴贝什·博尧依大学","
9 - 14.1"
"
801-1000","
801-1000","
罗马尼亚","
布加勒斯特大学","
9 - 14.1"
"
801-1000","
801-1000","
立陶宛","
马格努斯大学","
9 - 14.1"
"
801-1000","
","
黎巴嫩","
贝鲁特阿拉伯大学","
9 - 14.1"
"
801-1000","
","
黎巴嫩","
巴黎圣母大学","
9 - 14.1"
"
801-1000","
801-1000","
拉脱维亚","
里加斯坦丁斯大学","
9 - 14.1"
"
801-1000","
801-1000","
拉脱维亚","
拉脱维亚大学","
9 - 14.1"
"
801-1000","
","
捷克","
捷克布拉格生命科学大学","
9 - 14.1"
"
801-1000","
","
捷克","
俄斯特拉发大学","
9 - 14.1"
"
801-1000","
801-1000","
加拿大","
瑞尔森大学","
9 - 14.1"
"
801-1000","
801-1000","
韩国","
国立首尔科学技术大学","
9 - 14.1"
"
801-1000","
801-1000","
韩国","
岭南大学（韩国）","
9 - 14.1"
"
801-1000","
651-700","
哈萨克斯坦","
卡拉干达州立大学","
9 - 14.1"
"
801-1000","
751-800","
哈萨克斯坦","
卡拉干达国立技术大学","
9 - 14.1"
"
801-1000","
801-1000","
哈萨克斯坦","
哈萨克阿伯莱可汗大学","
9 - 14.1"
"
801-1000","
801-1000","
哥斯达黎加","
哥斯达黎加技术学院","
9 - 14.1"
"
801-1000","
751-800","
哥斯达黎加","
哥斯达黎加国立大学","
9 - 14.1"
"
801-1000","
801-1000","
哥伦比亚","
城北大学","
9 - 14.1"
"
801-1000","
801-1000","
哥伦比亚","
山谷大学","
9 - 14.1"
"
801-1000","
801-1000","
哥伦比亚","
哥伦比亚EAFIT大学","
9 - 14.1"
"
801-1000","
801-1000","
菲律宾","
德拉萨大学","
9 - 14.1"
"
801-1000","
801-1000","
菲律宾","
圣道顿马士大学","
9 - 14.1"
"
801-1000","
801-1000","
法国","
南特大学","
9 - 14.1"
"
801-1000","
801-1000","
法国","
普瓦捷大学","
9 - 14.1"
"
801-1000","
701-750","
法国","
雷恩第一大学","
9 - 14.1"
"
801-1000","
801-1000","
法国","
里昂第二大学","
9 - 14.1"
"
801-1000","
801-1000","
法国","
蒙彼利埃第三大学","
9 - 14.1"
"
801-1000","
801-1000","
法国","
图卢兹第一大学","
9 - 14.1"
"
801-1000","
801-1000","
法国","
图卢兹第二大学","
9 - 14.1"
"
801-1000","
","
厄瓜多尔","
厄瓜多尔基多的公立大学","
9 - 14.1"
"
801-1000","
801-1000","
厄瓜多尔","
ESPOL理工大学","
9 - 14.1"
"
801-1000","
801-1000","
厄瓜多尔","
厄瓜多尔天主大学","
9 - 14.1"
"
801-1000","
801-1000","
俄罗斯","
新西伯利亚国立技术大学","
9 - 14.1"
"
801-1000","
801-1000","
俄罗斯","
南乌拉尔国立大学","
9 - 14.1"
"
801-1000","
801-1000","
俄罗斯","
沃罗涅日国立大学","
9 - 14.1"
"
801-1000","
","
德国","
锡根大学","
9 - 14.1"
"
801-1000","
801-1000","
波兰","
波兹南密茨凯维奇大学","
9 - 14.1"
"
801-1000","
801-1000","
波兰","
波兰矿冶大学","
9 - 14.1"
"
801-1000","
801-1000","
波兰","
克拉科夫工业大学","
9 - 14.1"
"
801-1000","
","
波兰","
格但斯克技术大学","
9 - 14.1"
"
801-1000","
801-1000","
波兰","
罗兹工业大学","
9 - 14.1"
"
801-1000","
801-1000","
波兰","
哥白尼大学","
9 - 14.1"
"
801-1000","
801-1000","
波兰","
波兹南技术大学","
9 - 14.1"
"
801-1000","
801-1000","
波兰","
格但斯克大学","
9 - 14.1"
"
801-1000","
801-1000","
波兰","
罗兹大学","
9 - 14.1"
"
801-1000","
801-1000","
波兰","
卡托维兹西里西亚大学","
9 - 14.1"
"
801-1000","
801-1000","
波兰","
弗罗茨瓦夫大学","
9 - 14.1"
"
801-1000","
","
波兰","
华沙生命科学大学","
9 - 14.1"
"
801-1000","
801-1000","
波兰","
弗罗茨瓦夫科技大学","
9 - 14.1"
"
801-1000","
801-1000","
波多黎各","
波多黎各大学","
9 - 14.1"
"
801-1000","
801-1000","
白俄罗斯","
白俄罗斯民族技术大学","
9 - 14.1"
"
801-1000","
801-1000","
巴西","
南里奥格兰德天主大学","
9 - 14.1"
"
801-1000","
751-800","
巴西","
巴西利亚大学","
9 - 14.1"
"
801-1000","
801-1000","
巴西","
里约热内卢州立大学","
9 - 14.1"
"
801-1000","
801-1000","
巴西","
隆德里纳州立大学","
9 - 14.1"
"
801-1000","
701-750","
巴西","
圣卡洛斯联邦大学","
9 - 14.1"
"
801-1000","
801-1000","
巴西","
Vi??osa联邦大学","
9 - 14.1"
"
801-1000","
801-1000","
巴西","
巴拉那联邦大学","
9 - 14.1"
"
801-1000","
801-1000","
巴西","
伯南布哥州联邦大学","
9 - 14.1"
"
801-1000","
801-1000","
巴西","
弗鲁米嫩塞联邦大学","
9 - 14.1"
"
801-1000","
801-1000","
巴拿马","
巴拿马科技大学","
9 - 14.1"
"
801-1000","
801-1000","
巴林","
巴林大学","
9 - 14.1"
"
801-1000","
","
巴拉圭","
国立亚松森大学","
9 - 14.1"
"
801-1000","
751-800","
巴基斯坦","
巴基斯坦信息技术学院","
9 - 14.1"
"
801-1000","
801-1000","
巴基斯坦","
拉合尔工程技术大学","
9 - 14.1"
"
801-1000","
801-1000","
巴基斯坦","
旁遮普大学","
9 - 14.1"
"
801-1000","
801-1000","
澳大利亚","
澳大利亚天主教大学","
9 - 14.1"
"
801-1000","
801-1000","
澳大利亚","
新英格兰大学","
9 - 14.1"
"
801-1000","
801-1000","
爱沙尼亚","
塔林大学","
9 - 14.1"
"
801-1000","
701-750","
埃及","
艾因夏姆斯大学","
9 - 14.1"
"
801-1000","
801-1000","
埃及","
亚历山大大学","
9 - 14.1"
"
801-1000","
801-1000","
埃及","
艾斯尤特大学","
9 - 14.1"
"
801-1000","
801-1000","
阿塞拜疆","
国立巴库大学","
9 - 14.1"
"
801-1000","
801-1000","
阿根廷","
国立科尔多瓦大学","
9 - 14.1"
"
801-1000","
801-1000","
阿根廷","
国立马德普拉塔大学","
9 - 14.1"
"
801-1000","
801-1000","
阿根廷","
国立罗萨里奥大学","
9 - 14.1"
"
801-1000","
801-1000","
阿根廷","
阿根廷国立理工大学","
9 - 14.1"
"
801-1000","
801-1000","
科威特","
科威特大学","
9 - 14.1"
"
801-1000","
751-800","
约旦","
德约旦大学","
9 - 14.1"
"
801-1000","
801-1000","
伊拉克","
穆斯坦西里亚大学","
9 - 14.1"
"
801-1000","
801-1000","
孟加拉国","
孟加拉国工程技术大学","
9 - 14.1"
